"1,4-Benzoquinone"
2-Propanol
30% Hydrogen peroxide_7722-84-1_2241
36% Acetic Acid_64-19-7_2241
4-Hydroxybenzoic Acid
4-Isobutylacetophenone
a-Tocopherol
a-Tocopheryl Acetate
Acetacetic Ester_2241
Acetaminophen
Acetanilide Melting Point Standard
Acetic Anhydride_2241
Acetic Ether_2241
Acetone_2241
Acetonitrile_75-0508_2241
Adenosine
Albuterol Sulfate
Aniline_2241
Ascorbic Acid
Avobenzone
Azithromycin
Benzoic Acid
Benzyl Alcohol
Bis(trimethylsilyl)amine_2241
Boric Acid _10043-35-3_2241
Bupivacaine HCl
Butanone_2241
Butylparaben
Caffiene
Chloral Hydrate_2241
Chlorpheniramine
Cimetidine HCl
Cimetidine
Ciprofloxacin HCl
Citric Acid
Citric Acid_2241
Clarithromycin
Clindamycin Phosphate
Clotrimazole
Cyclohexanone-2241
Cyclosporine (Ciclosporin)
Dextrose (D-Glucose)
Dichloromethane_2241
Diethylene Glycol
Dimethyl Benzene_2241
Dimethyl Sulfoxide _2241
Diphenhydramine
Dopamine HCl
Edetate Disodium
EDTA-2Na_6381-92-6_2241
Erythromycin
Ethanol_2241
Ether_2241
Ethylene Glycol
Ethylenediaminetetraacetic Acid_2241
Ethylparaben
Famotidine
Formic acid_2241
Fructose
Furosemide
Gabapentin
Glycerin
Glycerin_2241
Glycine
Guaiacol
Guaifenesin
Homosalate
Hydrazine Hydrate_2241
Hydrochlorothiazide
Hydrocortisone
Ibuprofen
Isopropyl Amine_75-31-0_2241
Isopropyl Ether_2241
L-Alanine
L-Arginine
L-Aspartic Acid
L-Cysteine HCl
L-Glutamic Acid
L-Glutamine
L-Histidine
L-Isoleucine
L-Leucine
L-Lysine Acetate
L-Lysine HCl
L-Phenylalanine
L-Serine
L-Tyrosine
Lactic Acid_2241
"Lactose, Anhydrous"
"Lactose, Monohydrate"
Lidocaine
Magnesium Sulphate_2241
Mannitol
Meslamine (Mesalazine)
Metformin HCl
Methanol_2241
Methyl Silicone_2241
Methylparaben
Metoprolol
Metronidazole
"N, N-Dimethyl Formamide_2241"
N-Acetyl-L-Cysteine
N-Methyl Pyrrolidone_2241
Naproxen
Niacinamide (Nicotinamine)
Nitric Acid_2241
Octinoxate
Octisalate
Octocrylene
Omeprazole
Oxybenzone
p-Toluenesulfonic Acid_6192-52-5_2241
Paraformaldehyde_2241
Phenacetin Melting Point Standard
Phenoxyethanol
Phenyl Salicyclate Melting Point Standard
Phenylephrine HCl
Phenylethyl Alcohol
Phosphorus Pentoxide_2241
Phthalic Anhydride_2241
Phytonadione
Polyacrylamide_2241
Polyethylene Glycol_2241
Polyethylene Glycol_6000_25322-68-3_2241
Polyvinylpyrrolidone_9003-39-8_2241
Potassium Bichromate_2241
Potassium Gluconate
Potassium Pyrophosphate _2241
Prednisolone
Propylene Glycol
Propylparaben
Pyridoxine HCl
Ranitidine HCl
Salicylic Acid
Silica Gel for TLC_2241
Sodium Acetate Trihydrate _2241
Sodium Bicarbonate_2241
Sodium Bisulfite_2241
Sodium Carbonate_2241
Sodium Chlorate_7775-09-9_2241
Sodium Lactate
Sodium Metabisulfite_7681-57-4_2241
Sodium Phosphate_2241
Sodium Sulfite_7757-83-7_2241
Sodium Tetraborate _2241
Sorbitol
Sucrose
Sulfamethoxazole
Sulfanilamide Melting Point Standard
Sulfapyridine Melting Point Standard
Taurine
Tetracaine HCl
Tetracycline HCl
Tetrahydrofuran_2241
Theophylline
Thiamine HCl
Titanium Dioxide_13463-67-7_2241
Trichloromethane_2241
Trihydroxymethyl Aminomethane_77-86-1_2241
Trimethoprim
Trisodium Citrate_6132-04-3_2241
Trolamine_2241
Valproic Acid
Vanillin Melting Point Standard
Vanillin_2241
Verapamil HCl
Zinc Oxide_2241
